scenario,seed,method,level,n,mae,rmse,bias,corr,median_effective_snr_db
physical_fixed,11,moments,fixed,10000,0.30996983438745374,0.365085948463572,0.1784971478266991,0.0724579315239307,-17.43743324279785
physical_fixed,11,moments_clipped,fixed,10000,0.30996983438745374,0.365085948463572,0.1784971478266991,0.0724579315239307,-17.43743324279785
physical_fixed,11,known_sigma,fixed,10000,0.13006191392433247,0.16012766747244855,0.022809609401371563,0.5079890678111494,-17.43743324279785
physical_fixed,11,prior_mean,fixed,10000,0.09935818385332823,0.12666828210453301,-0.0003985837742686272,,-17.43743324279785
physical_fixed,11,prior_median,fixed,10000,0.09641793197095394,0.13057270672248497,-0.03169443433582783,,-17.43743324279785
physical_fixed,11,deepsets,fixed,10000,0.08243712889105081,0.10258082585715288,0.002272584229707718,0.5874079305167869,-17.43743324279785
physical_fixed,11,raw,fixed,10000,0.08322544215768576,0.10391877643337333,-0.0012922938123345377,0.573017391485032,-17.43743324279785
physical_fixed,11,mean_var,fixed,10000,0.08223373984843493,0.10249978986243832,0.0005986296012997627,0.5881916082055395,-17.43743324279785
physical_fixed,11,expanded_stats,fixed,10000,0.08225607571937144,0.10261764943995495,-0.0007593520250171424,0.5871305917451652,-17.43743324279785
physical_fixed,22,moments,fixed,10000,0.30868214242693504,0.3631432198019312,0.17652940880048557,0.08531480469248821,-17.52757453918457
physical_fixed,22,moments_clipped,fixed,10000,0.30868214242693504,0.3631432198019312,0.17652940880048557,0.08531480469248821,-17.52757453918457
physical_fixed,22,known_sigma,fixed,10000,0.12922283476861193,0.1597690602418721,0.022367944784183056,0.5111060365390384,-17.52757453918457
physical_fixed,22,prior_mean,fixed,10000,0.1023102895885706,0.12829889069193795,0.00015005242824554443,,-17.52757453918457
physical_fixed,22,prior_median,fixed,10000,0.09922450083568693,0.13181179437940607,-0.030228572040051225,,-17.52757453918457
physical_fixed,22,raw,fixed,10000,0.08725861673876643,0.10696306587264431,0.003554170555621386,0.5619781443379829,-17.52757453918457
physical_fixed,22,mean_var,fixed,10000,0.08397045487090946,0.1039469260965478,0.001144964871555567,0.586355307569415,-17.52757453918457
physical_fixed,22,expanded_stats,fixed,10000,0.08397146974094212,0.10404354346263343,0.00028619240112602714,0.5853938336632263,-17.52757453918457
physical_fixed,22,deepsets,fixed,10000,0.08348237659931183,0.1038907289855103,-0.0014889683172106744,0.5868814866986803,-17.52757453918457
physical_fixed,33,moments,fixed,10000,0.3114279539304145,0.3654497282592305,0.17925831589826266,0.07791524723363341,-17.440563201904297
physical_fixed,33,moments_clipped,fixed,10000,0.3114279539304145,0.3654497282592305,0.17925831589826266,0.07791524723363341,-17.440563201904297
physical_fixed,33,known_sigma,fixed,10000,0.13043705949298456,0.161210223458501,0.02100829244591878,0.4976944991724742,-17.440563201904297
physical_fixed,33,prior_mean,fixed,10000,0.10195303141176701,0.12854156187663426,-0.0002016094297170639,,-17.440563201904297
physical_fixed,33,prior_median,fixed,10000,0.09906083381995559,0.13245060714456386,-0.03194167879894376,,-17.440563201904297
physical_fixed,33,mean_var,fixed,10000,0.08502469351366163,0.10544031697737435,0.0005482767052948475,0.5719813007483535,-17.440563201904297
physical_fixed,33,expanded_stats,fixed,10000,0.08485452984645964,0.10542433744455407,-0.00037898433282971384,0.5721630385411071,-17.440563201904297
physical_fixed,33,deepsets,fixed,10000,0.08493648486807943,0.10553227278013241,-0.00018729772940278053,0.5710163929254083,-17.440563201904297
physical_fixed,33,raw,fixed,10000,0.08669051904156805,0.10699996877996858,0.003908551245182753,0.5550218008909847,-17.440563201904297
physical_snr,11,moments,-10.0,10000,0.5235900520123657,0.7100519262363417,0.3835701349692303,0.2909499304890897,-20.440608978271484
physical_snr,11,moments_clipped,-10.0,10000,0.4056468975819764,0.4991298237523963,0.2656269805388409,0.2192275346114603,-20.440608978271484
physical_snr,11,known_sigma,-10.0,10000,0.21988494516489446,0.29951390792660426,0.06981118441932485,0.34003479493774874,-20.440608978271484
physical_snr,11,prior_mean,-10.0,10000,0.09935818385332823,0.12666828210453301,-0.0003985837742686272,,-20.440608978271484
physical_snr,11,prior_median,-10.0,10000,0.09641793197095394,0.13057270672248497,-0.03169443433582783,,-20.440608978271484
physical_snr,11,moments,-5.0,10000,0.2880789415471256,0.36959513477655365,0.15173391759172083,0.31668001854417177,-15.440608978271484
physical_snr,11,moments_clipped,-5.0,10000,0.28227455279156566,0.3571126106723601,0.1459295288361609,0.3096405247191752,-15.440608978271484
physical_snr,11,known_sigma,-5.0,10000,0.12747701123807928,0.1693827650125685,0.00701014870866784,0.5256684902007112,-15.440608978271484
physical_snr,11,prior_mean,-5.0,10000,0.09935818385332823,0.12666828210453301,-0.0003985837742686272,,-15.440608978271484
physical_snr,11,prior_median,-5.0,10000,0.09641793197095394,0.13057270672248497,-0.03169443433582783,,-15.440608978271484
physical_snr,11,moments,0.0,10000,0.15572983884243297,0.19768778890884148,0.03391575946221128,0.4335841668144911,-10.440608978271484
physical_snr,11,moments_clipped,0.0,10000,0.15572983884243297,0.19768778890884148,0.03391575946221128,0.4335841668144911,-10.440608978271484
physical_snr,11,known_sigma,0.0,10000,0.06446074834912434,0.0890865672578993,-0.005239754475367954,0.8035655825185537,-10.440608978271484
physical_snr,11,prior_mean,0.0,10000,0.09935818385332823,0.12666828210453301,-0.0003985837742686272,,-10.440608978271484
physical_snr,11,prior_median,0.0,10000,0.09641793197095394,0.13057270672248497,-0.03169443433582783,,-10.440608978271484
physical_snr,11,moments,5.0,10000,0.07327071396671236,0.10322443883097593,-0.002679660242982209,0.7386339348822882,-5.440609931945801
physical_snr,11,moments_clipped,5.0,10000,0.07327071396671236,0.10322443883097593,-0.002679660242982209,0.7386339348822882,-5.440609931945801
physical_snr,11,known_sigma,5.0,10000,0.028520025986823024,0.04168037128169337,-0.0029240700622729494,0.9496690834994427,-5.440609931945801
physical_snr,11,prior_mean,5.0,10000,0.09935818385332823,0.12666828210453301,-0.0003985837742686272,,-5.440609931945801
physical_snr,11,prior_median,5.0,10000,0.09641793197095394,0.13057270672248497,-0.03169443433582783,,-5.440609931945801
physical_snr,11,moments,10.0,10000,0.027220813213777728,0.04563758508184282,-0.003370568223227747,0.9399173932488322,-0.4406094551086426
physical_snr,11,moments_clipped,10.0,10000,0.027220813213777728,0.04563758508184282,-0.003370568223227747,0.9399173932488322,-0.4406094551086426
physical_snr,11,known_sigma,10.0,10000,0.012329752679838567,0.01841794705073671,-0.0008626617171044928,0.9896299535204057,-0.4406094551086426
physical_snr,11,prior_mean,10.0,10000,0.09935818385332823,0.12666828210453301,-0.0003985837742686272,,-0.4406094551086426
physical_snr,11,prior_median,10.0,10000,0.09641793197095394,0.13057270672248497,-0.03169443433582783,,-0.4406094551086426
physical_snr,11,deepsets,-10.0,10000,0.1124440577544272,0.12941158179872334,0.07645002877786757,0.5980615404286329,-20.440608978271484
physical_snr,11,deepsets,-5.0,10000,0.09094654898010195,0.11232039012669646,0.03670981154851616,0.5604391432923811,-15.440608978271484
physical_snr,11,deepsets,0.0,10000,0.07216756594888867,0.1005310951455882,0.0025150126557797197,0.6213804817865328,-10.440608978271484
physical_snr,11,deepsets,5.0,10000,0.05791263412293047,0.08492955293061193,-0.027049314186908306,0.80747541168539,-5.440609931945801
physical_snr,11,deepsets,10.0,10000,0.047772442020568996,0.05943749517909483,-0.03647219996778295,0.9288280906797141,-0.4406094551086426
physical_snr,11,raw,-10.0,10000,0.1098335955793038,0.1267154969206721,0.07070041819456965,0.5960757965174404,-20.440608978271484
physical_snr,11,raw,-5.0,10000,0.08944085020534695,0.11084459151665249,0.033728707647696136,0.5738889624839884,-15.440608978271484
physical_snr,11,raw,0.0,10000,0.07038319628257304,0.09912466547156898,-0.00015713018532842398,0.6445296636845556,-10.440608978271484
physical_snr,11,raw,5.0,10000,0.06525978413894773,0.09714247773123963,-0.03811585820093751,0.7742322530123897,-5.440609931945801
physical_snr,11,raw,10.0,10000,0.07677501612193882,0.10813220109371868,-0.0694267301876098,0.9265756530589938,-0.4406094551086426
physical_snr,11,mean_var,-10.0,10000,0.10881510493159295,0.1261518938667539,0.07498204759657383,0.6150183320964034,-20.440608978271484
physical_snr,11,mean_var,-5.0,10000,0.0862026890475303,0.10891227610907289,0.02974625717289746,0.573871620815829,-15.440608978271484
physical_snr,11,mean_var,0.0,10000,0.06890944476192817,0.09793754298692584,-0.006083586322609335,0.6506360112388003,-10.440608978271484
physical_snr,11,mean_var,5.0,10000,0.05856395579967648,0.0836480858238142,-0.0361009585281834,0.8447306917810398,-5.440609931945801
physical_snr,11,mean_var,10.0,10000,0.05017744428524748,0.062493462485775655,-0.038843698538001625,0.9243673921350049,-0.4406094551086426
physical_snr,11,expanded_stats,-10.0,10000,0.1093049941122532,0.12690235643745665,0.07759663311839105,0.6215088638282208,-20.440608978271484
physical_snr,11,expanded_stats,-5.0,10000,0.0850960902363062,0.10808267117158163,0.02880388839542866,0.5799385040417193,-15.440608978271484
physical_snr,11,expanded_stats,0.0,10000,0.07011599375782535,0.09982979558545399,-0.008121339936275035,0.6305040632310344,-10.440608978271484
physical_snr,11,expanded_stats,5.0,10000,0.05673338589584455,0.08160192887474697,-0.03241738864751533,0.8349482081980787,-5.440609931945801
physical_snr,11,expanded_stats,10.0,10000,0.03709660217594356,0.047876908230752295,-0.027525303295813503,0.9511801206345298,-0.4406094551086426
physical_snr,22,moments,-10.0,10000,0.5168006029816578,0.7047395854120837,0.37708559716173917,0.3254830360029246,-20.435321807861328
physical_snr,22,moments_clipped,-10.0,10000,0.39802002227625344,0.49106213218177075,0.25830501645633486,0.2466634962176982,-20.435321807861328
physical_snr,22,known_sigma,-10.0,10000,0.21787688436335886,0.2989765068016671,0.06785384304509498,0.35160791122423746,-20.435321807861328
physical_snr,22,prior_mean,-10.0,10000,0.1023102895885706,0.12829889069193795,0.00015005242824554443,,-20.435321807861328
physical_snr,22,prior_median,-10.0,10000,0.09922450083568693,0.13181179437940607,-0.030228572040051225,,-20.435321807861328
physical_snr,22,moments,-5.0,10000,0.2844313583222451,0.36603751117033834,0.14686097446519417,0.34454182831579133,-15.435321807861328
physical_snr,22,moments_clipped,-5.0,10000,0.27804411867533346,0.3523474517912599,0.14047373481828254,0.3361793512213673,-15.435321807861328
physical_snr,22,known_sigma,-5.0,10000,0.12603534254350235,0.16938819914317432,0.006516411515767686,0.5369384793459975,-15.435321807861328
physical_snr,22,prior_mean,-5.0,10000,0.1023102895885706,0.12829889069193795,0.00015005242824554443,,-15.435321807861328
physical_snr,22,prior_median,-5.0,10000,0.09922450083568693,0.13181179437940607,-0.030228572040051225,,-15.435321807861328
physical_snr,22,moments,0.0,10000,0.15360640597466846,0.19559823211307287,0.0323924021956278,0.45781278517585766,-10.435321807861328
physical_snr,22,moments_clipped,0.0,10000,0.15360640597466846,0.19559823211307287,0.0323924021956278,0.45781278517585766,-10.435321807861328
physical_snr,22,known_sigma,0.0,10000,0.06413640583609231,0.0902205144059455,-0.0057694706423673785,0.8033161867427808,-10.435321807861328
physical_snr,22,prior_mean,0.0,10000,0.1023102895885706,0.12829889069193795,0.00015005242824554443,,-10.435321807861328
physical_snr,22,prior_median,0.0,10000,0.09922450083568693,0.13181179437940607,-0.030228572040051225,,-10.435321807861328
physical_snr,22,moments,5.0,10000,0.07291861393291038,0.1033704296263465,-0.003383929717517458,0.7433602482655367,-5.43532133102417
physical_snr,22,moments_clipped,5.0,10000,0.07291861393291038,0.1033704296263465,-0.003383929717517458,0.7433602482655367,-5.43532133102417
physical_snr,22,known_sigma,5.0,10000,0.02791277659101179,0.040825277794619474,-0.002656811391131487,0.9527881192552536,-5.43532133102417
physical_snr,22,prior_mean,5.0,10000,0.1023102895885706,0.12829889069193795,0.00015005242824554443,,-5.43532133102417
physical_snr,22,prior_median,5.0,10000,0.09922450083568693,0.13181179437940607,-0.030228572040051225,,-5.43532133102417
physical_snr,22,moments,10.0,10000,0.026628329784958625,0.04470786283009579,-0.0028890104539459572,0.9435258385672817,-0.4353213310241699
physical_snr,22,moments_clipped,10.0,10000,0.026628329784958625,0.04470786283009579,-0.0028890104539459572,0.9435258385672817,-0.4353213310241699
physical_snr,22,known_sigma,10.0,10000,0.012031738646607847,0.01792861574570494,-0.0007093265188857914,0.9904211929750403,-0.4353213310241699
physical_snr,22,prior_mean,10.0,10000,0.1023102895885706,0.12829889069193795,0.00015005242824554443,,-0.4353213310241699
physical_snr,22,prior_median,10.0,10000,0.09922450083568693,0.13181179437940607,-0.030228572040051225,,-0.4353213310241699
physical_snr,22,raw,-10.0,10000,0.16524425180302935,0.20936128968371495,-0.16521498553624844,-0.21559153386319602,-20.435321807861328
physical_snr,22,raw,-5.0,10000,0.164743181343138,0.20928554773845934,-0.164003137971292,-0.292539859880131,-15.435321807861328
physical_snr,22,raw,0.0,10000,0.16428195808945456,0.20912909528592039,-0.16077489601963899,-0.38211845785704396,-10.435321807861328
physical_snr,22,raw,5.0,10000,0.16358762657798362,0.20879863442074,-0.15494049283561764,-0.48085906645594945,-5.43532133102417
physical_snr,22,raw,10.0,10000,0.16233660482163542,0.20817244020882986,-0.14729725268078037,-0.5802795532746261,-0.4353213310241699
physical_snr,22,mean_var,-10.0,10000,0.1060188776563853,0.12395259818339018,0.06678597183041275,0.6055307645876988,-20.435321807861328
physical_snr,22,mean_var,-5.0,10000,0.0853138672715053,0.10803745901088489,0.025637190551124515,0.5905400678309899,-15.435321807861328
physical_snr,22,mean_var,0.0,10000,0.07084674941627309,0.10044197253463556,-0.010110871167574078,0.6427558557207619,-10.435321807861328
physical_snr,22,mean_var,5.0,10000,0.05757751282667741,0.08267005974619725,-0.033672396057564766,0.839352795594999,-5.43532133102417
physical_snr,22,mean_var,10.0,10000,0.045883088248968126,0.05703496731356522,-0.03182984349876642,0.9345458170175192,-0.4353213310241699
physical_snr,22,expanded_stats,-10.0,10000,0.10886892752274871,0.12717351487906378,0.07336128215417266,0.5998514621994137,-20.435321807861328
physical_snr,22,expanded_stats,-5.0,10000,0.08438534036912024,0.10723410636862725,0.029079011723771694,0.6031991140361673,-15.435321807861328
physical_snr,22,expanded_stats,0.0,10000,0.06984569557411596,0.09906641426484437,-0.010680770914349706,0.6552245045300098,-10.435321807861328
physical_snr,22,expanded_stats,5.0,10000,0.05722669596951455,0.08154257003322356,-0.0338365228606388,0.8408271249877067,-5.43532133102417
physical_snr,22,expanded_stats,10.0,10000,0.037790725391916934,0.048683890771925586,-0.026456302359141412,0.9480271057292997,-0.4353213310241699
physical_snr,22,deepsets,-10.0,10000,0.10810034461971373,0.12552003462175454,0.07123461640831083,0.619138870964446,-20.435321807861328
physical_snr,22,deepsets,-5.0,10000,0.0883508708178997,0.11090211724015168,0.02806207817718387,0.5613752978746198,-15.435321807861328
physical_snr,22,deepsets,0.0,10000,0.07003243647692725,0.09970990686906853,-0.004023401618469507,0.6442713432809829,-10.435321807861328
physical_snr,22,deepsets,5.0,10000,0.06347437552595511,0.09239637826970451,-0.04016305731451139,0.8268004987740495,-5.43532133102417
physical_snr,22,deepsets,10.0,10000,0.06707681676549837,0.08747547785109029,-0.061613807635847485,0.9527927549833353,-0.4353213310241699
physical_snr,33,moments,-10.0,10000,0.5257526738280722,0.7109296236211494,0.3873616824714176,0.3106871891355316,-20.43405532836914
physical_snr,33,moments_clipped,-10.0,10000,0.4063728001350828,0.49907083891380244,0.26798180877842825,0.23230483361100682,-20.43405532836914
physical_snr,33,known_sigma,-10.0,10000,0.21704891320873868,0.29594096418452964,0.06259941835294594,0.34076113404161507,-20.43405532836914
physical_snr,33,prior_mean,-10.0,10000,0.10195303141176701,0.12854156187663426,-0.0002016094297170639,,-20.43405532836914
physical_snr,33,prior_median,-10.0,10000,0.09906083381995559,0.13245060714456386,-0.03194167879894376,,-20.43405532836914
physical_snr,33,moments,-5.0,10000,0.2879405664146238,0.3685186699118218,0.15237143239618164,0.33319768051449905,-15.434053421020508
physical_snr,33,moments_clipped,-5.0,10000,0.28208741981986096,0.35620392200726086,0.14651828580141882,0.32371441686809066,-15.434053421020508
physical_snr,33,known_sigma,-5.0,10000,0.12582894668641384,0.16811864985357097,0.003450808361853706,0.5308757947310772,-15.434053421020508
physical_snr,33,prior_mean,-5.0,10000,0.10195303141176701,0.12854156187663426,-0.0002016094297170639,,-15.434053421020508
physical_snr,33,prior_median,-5.0,10000,0.09906083381995559,0.13245060714456386,-0.03194167879894376,,-15.434053421020508
physical_snr,33,moments,0.0,10000,0.1548414261312981,0.1963648163073575,0.033576157453859924,0.44849726770184317,-10.434054374694824
physical_snr,33,moments_clipped,0.0,10000,0.1548414261312981,0.1963648163073575,0.033576157453859924,0.44849726770184317,-10.434054374694824
physical_snr,33,known_sigma,0.0,10000,0.06384983000631328,0.08959364345939107,-0.0072544726527004975,0.8041721950959002,-10.434054374694824
physical_snr,33,prior_mean,0.0,10000,0.10195303141176701,0.12854156187663426,-0.0002016094297170639,,-10.434054374694824
physical_snr,33,prior_median,0.0,10000,0.09906083381995559,0.13245060714456386,-0.03194167879894376,,-10.434054374694824
physical_snr,33,moments,5.0,10000,0.07240404024832534,0.10214558852181506,-0.0029095419057703115,0.7482000356161023,-5.434053421020508
physical_snr,33,moments_clipped,5.0,10000,0.07240404024832534,0.10214558852181506,-0.0029095419057703115,0.7482000356161023,-5.434053421020508
physical_snr,33,known_sigma,5.0,10000,0.028201472301169997,0.041528007370322986,-0.0037377245402836707,0.9513748765988078,-5.434053421020508
physical_snr,33,prior_mean,5.0,10000,0.10195303141176701,0.12854156187663426,-0.0002016094297170639,,-5.434053421020508
physical_snr,33,prior_median,5.0,10000,0.09906083381995559,0.13245060714456386,-0.03194167879894376,,-5.434053421020508
physical_snr,33,moments,10.0,10000,0.027020841418841157,0.045032008042665196,-0.0036100641334720425,0.9429489191602877,-0.43405309319496155
physical_snr,33,moments_clipped,10.0,10000,0.027020841418841157,0.045032008042665196,-0.0036100641334720425,0.9429489191602877,-0.43405309319496155
physical_snr,33,known_sigma,10.0,10000,0.012272665716166377,0.018520399233591594,-0.001234909071371658,0.9898282876783538,-0.43405309319496155
physical_snr,33,prior_mean,10.0,10000,0.10195303141176701,0.12854156187663426,-0.0002016094297170639,,-0.43405309319496155
physical_snr,33,prior_median,10.0,10000,0.09906083381995559,0.13245060714456386,-0.03194167879894376,,-0.43405309319496155
physical_snr,33,mean_var,-10.0,10000,0.1061685853233561,0.12414128284394028,0.06761131236609072,0.6075687289738804,-20.43405532836914
physical_snr,33,mean_var,-5.0,10000,0.08785585485380143,0.11130612727586281,0.02501440569665283,0.5485660250326875,-15.434053421020508
physical_snr,33,mean_var,0.0,10000,0.07203815265446901,0.10186737218051464,-0.006952710950747133,0.6231214095773903,-10.434054374694824
physical_snr,33,mean_var,5.0,10000,0.0567041991641745,0.08099924995459185,-0.030949184375442567,0.8414983523244406,-5.434053421020508
physical_snr,33,mean_var,10.0,10000,0.046375992898922413,0.05682238221844243,-0.03588607604624704,0.9395794496758562,-0.43405309319496155
physical_snr,33,expanded_stats,-10.0,10000,0.10859164481461049,0.12673468388253809,0.07147949621677399,0.596009273662307,-20.43405532836914
physical_snr,33,expanded_stats,-5.0,10000,0.08656131505873055,0.11043165702155439,0.028991164149157703,0.5654019157812594,-15.434053421020508
physical_snr,33,expanded_stats,0.0,10000,0.07053301429804415,0.09989993134955232,-0.007544143416918814,0.6400320962183448,-10.434054374694824
physical_snr,33,expanded_stats,5.0,10000,0.055790551425237214,0.07957768808384987,-0.03171866790605709,0.8413738049833042,-5.434053421020508
physical_snr,33,expanded_stats,10.0,10000,0.03602632469404489,0.04678271883614006,-0.02393050385285169,0.9505328816159331,-0.43405309319496155
physical_snr,33,deepsets,-10.0,10000,0.11487628199551254,0.1331122885251434,0.08338927303049713,0.5993951924782096,-20.43405532836914
physical_snr,33,deepsets,-5.0,10000,0.09242387645365671,0.1150668651452798,0.035581549968663605,0.5265439372028007,-15.434053421020508
physical_snr,33,deepsets,0.0,10000,0.07147318854257464,0.10111932384613324,0.0024261453941464427,0.6196818052965992,-10.434054374694824
physical_snr,33,deepsets,5.0,10000,0.05918162234770134,0.08481529737013625,-0.03431741881808266,0.8348017479511085,-5.434053421020508
physical_snr,33,deepsets,10.0,10000,0.05638723645322025,0.07016017024593017,-0.051072826012969016,0.9414510901088353,-0.43405309319496155
physical_snr,33,raw,-10.0,10000,0.11396695426497609,0.13123862765373526,0.07883975863251835,0.6059115718951695,-20.43405532836914
physical_snr,33,raw,-5.0,10000,0.09318601950723679,0.11439038544974871,0.03697980381045491,0.5528559600637565,-15.434053421020508
physical_snr,33,raw,0.0,10000,0.07284566014874727,0.1013499388737546,0.005491342442668975,0.6270166274351838,-10.434054374694824
physical_snr,33,raw,5.0,10000,0.06288078463375568,0.09256444317469249,-0.03273041643500328,0.7925272758446738,-5.434053421020508
physical_snr,33,raw,10.0,10000,0.07111713658496738,0.09870481973862653,-0.06300371890366077,0.9405265276228003,-0.43405309319496155
uniform_fixed,11,moments,fixed,10000,0.25662322989393727,0.3251742269516727,0.025854991927847733,0.514426424103761,-6.140461444854736
uniform_fixed,11,moments_clipped,fixed,10000,0.25323352789570347,0.32395215562617524,0.022465289929613937,0.5072314718022474,-6.140461444854736
uniform_fixed,11,known_sigma,fixed,10000,0.10069074850300094,0.1313769017878525,-0.0005388845851062797,0.9040047950378713,-6.140461444854736
uniform_fixed,11,prior_mean,fixed,10000,0.25047528496533633,0.28908292704793387,0.0027147081568837167,,-6.140461444854736
uniform_fixed,11,prior_median,fixed,10000,0.2504679088577628,0.28907034976862156,-0.00031305876523256304,,-6.140461444854736
uniform_fixed,11,deepsets,fixed,10000,0.08693122121430934,0.11134818517234538,0.0006579571563750505,0.9228383644441956,-6.140461444854736
uniform_fixed,11,raw,fixed,10000,0.08937324759997428,0.11402450331996929,0.012376896554604173,0.9199597962806209,-6.140461444854736
uniform_fixed,11,mean_var,fixed,10000,0.087132733495906,0.11127270221248844,0.0010734526369720698,0.9229685495186041,-6.140461444854736
uniform_fixed,11,expanded_stats,fixed,10000,0.08713414035364986,0.11133964468082891,0.003189801376312971,0.9229566980698573,-6.140461444854736
uniform_fixed,22,moments,fixed,10000,0.25648698798826663,0.32553273865668064,0.021030886541691145,0.5191576542492572,-5.965527534484863
uniform_fixed,22,moments_clipped,fixed,10000,0.25302991942575903,0.3243457548204237,0.017573817979183514,0.5119395617665462,-5.965527534484863
uniform_fixed,22,known_sigma,fixed,10000,0.09878674048490357,0.12888975203355074,-0.003266852566297166,0.9076433434355571,-5.965527534484863
uniform_fixed,22,prior_mean,fixed,10000,0.24941054964363576,0.28877684989174757,-0.004103832873702049,,-5.965527534484863
uniform_fixed,22,prior_median,fixed,10000,0.24938820266723635,0.28875633482904906,-0.0022345715999603274,,-5.965527534484863
uniform_fixed,22,raw,fixed,10000,0.08882244543768467,0.11304802510252036,-0.001905315562710166,0.9202401310084286,-5.965527534484863
uniform_fixed,22,mean_var,fixed,10000,0.08645779524631798,0.11070477435451283,0.001783712423220277,0.9236347017804474,-5.965527534484863
uniform_fixed,22,expanded_stats,fixed,10000,0.08628091125041247,0.11050642388210835,-0.002619577565789223,0.9239392385487335,-5.965527534484863
uniform_fixed,22,deepsets,fixed,10000,0.08615967975333333,0.11053415467997095,-0.0012074018619954586,0.9238684170739413,-5.965527534484863
uniform_fixed,33,moments,fixed,10000,0.2541828625343973,0.32345365837389034,0.017803448719508015,0.5272507256081959,-5.884022235870361
uniform_fixed,33,moments_clipped,fixed,10000,0.2506036256455118,0.32218543666663324,0.014224211830622517,0.5200878223372574,-5.884022235870361
uniform_fixed,33,known_sigma,fixed,10000,0.09949831738559296,0.13004732112257306,-0.0020833978937356734,0.9069637634406407,-5.884022235870361
uniform_fixed,33,prior_mean,fixed,10000,0.25051357544362546,0.2892890563754624,-0.0038988023191690447,,-5.884022235870361
uniform_fixed,33,prior_median,fixed,10000,0.25049357624650004,0.2892704426747477,-0.0021051197469234466,,-5.884022235870361
uniform_fixed,33,mean_var,fixed,10000,0.08653819332085551,0.11144204010618339,0.00582248226068914,0.9230325614920687,-5.884022235870361
uniform_fixed,33,expanded_stats,fixed,10000,0.08654231879860164,0.11135275852699605,0.0020634701132774356,0.9229640323005468,-5.884022235870361
uniform_fixed,33,deepsets,fixed,10000,0.08653437329754234,0.11136298181891206,0.00326566716209054,0.9230083578438175,-5.884022235870361
uniform_fixed,33,raw,fixed,10000,0.08845828407779337,0.1132118639534225,-0.001320196118205786,0.9202789287155126,-5.884022235870361
